{
  "version": 1,
  "author": "QPulse System",
  "editor": "wokwi",
  "parts": [
    { "type": "wokwi-esp32-devkit-v1", "id": "esp32", "top": 0, "left": 0, "attrs": {} },
    {
      "type": "wokwi-ssd1306",
      "id": "oled",
      "top": -220.8,
      "left": 96,
      "attrs": { "i2cAddress": "0x3C" }
    },
    {
      "type": "wokwi-led",
      "id": "led-red",
      "top": -22.8,
      "left": 387.8,
      "attrs": { "color": "red" }
    },
    {
      "type": "wokwi-led",
      "id": "led-green",
      "top": 6,
      "left": 464.6,
      "attrs": { "color": "green" }
    },
    {
      "type": "wokwi-led",
      "id": "led-blue",
      "top": 82.8,
      "left": 483.8,
      "attrs": { "color": "blue" }
    },
    {
      "type": "wokwi-resistor",
      "id": "r1",
      "top": 42.35,
      "left": 220.8,
      "attrs": { "value": "220" }
    },
    {
      "type": "wokwi-resistor",
      "id": "r2",
      "top": 67.2,
      "left": 268.8,
      "attrs": { "value": "220" }
    },
    {
      "type": "wokwi-resistor",
      "id": "r3",
      "top": 105.6,
      "left": 268.8,
      "attrs": { "value": "220" }
    },
    { "type": "wokwi-buzzer", "id": "buzzer", "top": 204, "left": 328.2, "attrs": {} },
    {
      "type": "wokwi-pushbutton",
      "id": "btn-sos",
      "top": 351.8,
      "left": 153.6,
      "attrs": { "color": "red", "label": "SOS" }
    },
    {
      "type": "wokwi-potentiometer",
      "id": "pot-distance",
      "top": 248.3,
      "left": 220.6,
      "attrs": { "label": "Distância" }
    }
  ],
  "connections": [
    [ "esp32:TX", "$serialMonitor:RX", "", [] ],
    [ "esp32:RX", "$serialMonitor:TX", "", [] ],
    [ "oled:GND", "esp32:GND.1", "black", [ "v0" ] ],
    [ "oled:VCC", "esp32:3V3", "red", [ "v0" ] ],
    [ "oled:SDA", "esp32:21", "blue", [ "v0" ] ],
    [ "oled:SCL", "esp32:22", "green", [ "v0" ] ],
    [ "esp32:25", "r1:1", "red", [ "h0" ] ],
    [ "r1:2", "led-red:A", "red", [ "h0" ] ],
    [ "led-red:C", "esp32:GND.2", "black", [ "v0" ] ],
    [ "esp32:26", "r2:1", "green", [ "h0" ] ],
    [ "r2:2", "led-green:A", "green", [ "h0" ] ],
    [ "led-green:C", "esp32:GND.2", "black", [ "v0" ] ],
    [ "esp32:27", "r3:1", "blue", [ "h0" ] ],
    [ "r3:2", "led-blue:A", "blue", [ "h0" ] ],
    [ "led-blue:C", "esp32:GND.2", "black", [ "v0" ] ],
    [ "esp32:23", "buzzer:1", "orange", [ "h0" ] ],
    [ "esp32:15", "btn-sos:1.l", "yellow", [ "h0" ] ],
    [ "btn-sos:2.l", "esp32:GND.1", "black", [ "h0" ] ],
    [ "esp32:34", "pot-distance:SIG", "green", [ "h0" ] ],
    [ "pot-distance:GND", "esp32:GND.2", "black", [ "h0" ] ],
    [ "pot-distance:VCC", "esp32:3V3", "red", [ "h0" ] ],
    [ "esp32:D25", "r1:1", "green", [ "h0" ] ],
    [ "r2:1", "esp32:D26", "green", [ "v0" ] ],
    [ "r3:1", "esp32:D27", "green", [ "v0" ] ],
    [ "buzzer:1", "esp32:GND.1", "green", [ "v0" ] ],
    [ "esp32:D21", "buzzer:2", "green", [ "h0" ] ],
    [ "pot-distance:GND", "esp32:GND.1", "black", [ "v0" ] ],
    [ "esp32:D34", "pot-distance:SIG", "green", [ "h0" ] ],
    [ "esp32:D15", "btn-sos:2.r", "green", [ "h0" ] ]
  ],
  "dependencies": { "Adafruit SSD1306": "2.5.7", "Adafruit GFX Library": "1.11.3" }
}